login,name,location,created_at,followers,repositories
torvalds,Linus Torvalds,ç¾å›½,,219610,31
yyx990803,Evan You,æ–°åŠ å¡,,101840,230
gustavoguanabara,Gustavo Guanabara,å·´è¥¿,,92040,7
karpathy,Andrej,ç¾å›½,,91536,59
peng-zhihui,ç¨šæ™–,ä¸­å›½,,80762,61
ruanyf,Ruan YiFeng,ä¸­å›½,,79335,75
bradtraversy,Brad Traversy,ç¾å›½,,72334,290
JakeWharton,Jake Wharton,ç¾å›½,,67641,206
rafaballerini,Rafaella Ballerini,å·´è¥¿,,54077,64
tj,TJ Holowaychuk,è‹±å›½,,50867,326
getify,Kyle Simpson,ç¾å›½,,43936,71
geohot,George Hotz,åŠ æ‹¿å¤§,,43553,96
addyosmani,Addy Osmani,ç¾å›½,,43081,374
lucidrains,Phil Wang,ç¾å›½,,41421,315
michaelliao,Crypto Michael,ä¸­å›½,,37262,100
llSourcell,Siraj Raval,åŠ æ‹¿å¤§,,36827,468
ThePrimeagen,ThePrimeagen,è¶Šå—,,35361,216
kamranahmedse,Kamran Ahmed,è‹±å›½,,34710,114
filipedeschamps,Filipe Deschamps,å·´è¥¿,,33625,27
wesbos,Wes Bos,åŠ æ‹¿å¤§,,33582,382
kentcdodds,Kent C. Dodds,ç¾å›½,,33315,790
hiteshchoudhary,Hitesh Choudhary,å°åº¦,,33290,101
IDouble,Alp â‚¿ğŸ“ˆğŸš€ğŸŒ•,ç‘å£«,,33185,61
antfu,Anthony Fu,è¿™ä¸æ˜¯ä¸€ä¸ªå›½å®¶ã€‚,,32988,493
taylorotwell,Taylor Otwell,é˜¿æ ¹å»·,,32631,54
ry,Ryan Dahl,ç¾å›½,,31863,69
diego3g,Diego Fernandes,å·´è¥¿,,31547,142
iamshaunjp,Shaun (Net Ninja),è‹±å›½,,30991,131
krishnaik06,Krish C Naik,å°åº¦,,30944,331
kunal-kushwaha,Kunal Kushwaha,è‹±å›½,,30854,56
dmalan,David J. Malan,ç¾å›½,,30623,31
WebDevSimplified,,ç¾å›½,,30334,207
kennethreitz,Kenneth Reitz,è¿™ä¸æ˜¯ä¸€ä¸ªå›½å®¶,,29134,139
benawad,Ben Awad,ç¾å›½,,29014,264
midudev,Miguel Ãngel DurÃ¡n,è¥¿ç­ç‰™,,28322,199
adrianhajdin,Adrian Hajdin - JS Mastery,å…‹ç½—åœ°äºš,,28286,149
buckyroberts,Bucky Roberts,ç¾å›½,,27286,61
tiangolo,SebastiÃ¡n RamÃ­rez,å¾·å›½,,26478,88
hadley,Hadley Wickham,ç¾å›½,,25840,357
mouredev,Brais Moure,è¥¿ç­ç‰™,,25384,47
jonasschmedtmann,Jonas Schmedtmann,è‘¡è„ç‰™,,25296,8
rasbt,Sebastian Raschka,ç¾å›½,,24766,159
gamemann,Christian Deacon,ç¾å›½,,24663,161
daimajia,ä»£ç å®¶,ä¸­å›½,,24631,90
mojombo,Tom Preston-Werner,ç¾å›½,,24054,88
sdras,Sarah Drasner,è¿™ä¸æ˜¯ä¸€ä¸ªå›½å®¶,,23994,114
jwasham,John Washam,ç¾å›½,,23676,30
gvanrossum,Guido van Rossum,ç¾å›½,,23293,54
mdo,Mark Otto,åŠ æ‹¿å¤§,,23276,34
mbostock,Mike Bostock,åŠ æ‹¿å¤§,,23021,104
kelseyhightower,Kelsey Hightower,ç¾å›½,,22346,241
JohnMwendwa,John Mwendwa,è‚¯å°¼äºš,,22062,113
techwithtim,Tim Ruscica,é˜¿è”é…‹,,21995,182
keijiro,Keijiro Takahashi,æ—¥æœ¬,,21861,835
mitsuhiko,Armin Ronacher,å¥¥åœ°åˆ©,,21761,315
douglascrockford,Douglas Crockford,ç¾å›½,,21739,18
codediodeio,Jeff Delaney,é˜¿å¡æ‹œç–†,,21678,85
tpope,Tim Pope,ç¾å›½,,21657,90
antirez,Salvatore Sanfilippo,æ„å¤§åˆ©,,21637,88
programthink,ç¼–ç¨‹éšæƒ³,ä¸­å›½,,21390,5
geerlingguy,Jeff Geerling,ç¾å›½,,21284,297
mli,Mu Li,åŠ æ‹¿å¤§,,21279,43
JacksonTian,Jackson Tian,ä¸­å›½,,21203,285
donnemartin,Donne Martin,ç¾å›½,,21093,29
cloudwu,äº‘é£,ä¸­å›½,,20977,135
MrXyfir,xyfir,ç¾å›½,,20579,19
SebLague,Sebastian Lague,ä¸¹éº¦,,20279,89
developedbyed,Simo Edwin,è‹±å›½,,20130,85
phodal,Fengda Huang,ä¸­å›½,,20066,495
john-smilga,John Smilga,ç¾å›½ï¼ˆä½›ç½—é‡Œè¾¾å·ï¼‰,,19938,261
xiaolai,xiaolai,ä¸­å›½,,19268,56
shiffman,Daniel Shiffman,ç¾å›½,,19266,255
Rich-Harris,Rich Harris,ç¾å›½,,19234,403
elyxdev,Elyx,å“¥ä¼¦æ¯”äºš,,19071,14
brunosimon,Bruno Simon,æ³•å›½,,18771,88
jeresig,John Resig,ç¾å›½,,18744,119
angelabauer,Angela Yu,è‹±å›½,,18661,975
chrisbanes,Chris Banes,è‹±å›½,,18608,51
loiane,Loiane Groner,ç¾å›½,,18420,358
metatimeofficial,Metatime,åœŸè€³å…¶,,18212,2
BEPb,Andrej Marinchenko,ç™½ä¿„ç½—æ–¯,,18075,43
mattt,Mattt,ç¾å›½,,18023,103
cumsoft,cumsoft,ç¾å›½,,17759,8
jakevdp,Jake Vanderplas,ç¾å›½,,17753,286
hkirat,Kirat,åœ°çƒ,,17686,129
vczh,,ç¾å›½,,17513,19
liyupi,ç¨‹åºå‘˜é±¼çš®,ä¸­å›½,,17417,83
Asabeneh,Asabeneh,èŠ¬å…°,,17352,169
halfrost,halfrost,ä¸­å›½,,17044,81
Trinea,Trinea,ä¸­å›½,,17004,24
justjavac,è¿·æ¸¡,ä¸­å›½,,16931,381
trekhleb,Oleksii Trekhleb,è·å…°,,16849,22
kenjinote,kenji,æ—¥æœ¬,,16767,604
JeffreyWay,Jeffrey Way,ç¾å›½ï¼ˆä½›ç½—é‡Œè¾¾å·ï¼‰,,16609,165
codingforentrepreneurs,Coding For Entrepreneurs,ç¾å›½,,16381,206
jlord,Jessica Lord,è‹±å›½,,16355,198
peter-kimanzi,Peter Kimanzi,è‚¯å°¼äºš,,16284,116
iam-veeramalla,Abhishek Veeramalla,å°åº¦,,16279,63
maykbrito,Mayk Brito,å·´è¥¿,,16032,173
sandhikagalih,Sandhika Galih,å°åº¦å°¼è¥¿äºš,,15902,94
stormzhang,stormzhang,ä¸­å›½,,15879,5
lifesinger,lifesinger,ä¸­å›½,,15869,3
LeaVerou,Lea Verou,æ‘©æ´›å“¥,,15665,136
jackfrued,éª†æ˜Š,ä¸­å›½,,15627,125
Ovilia,Wenli Zhang,ä¸­å›½,,15567,79
octocat,The Octocat,ç¾å›½,,15563,203
onevcat,Wei Wang,æ—¥æœ¬ / ä¸­å›½,,15448,216
chiphuyen,Chip Huyen,ç¾å›½,,15331,36
spf13,Steve Francia,ç¾å›½,,15318,113
johnpapa,John Papa,ç¾å›½ï¼ˆä½›ç½—é‡Œè¾¾å·ï¼‰,,15315,198
ggerganov,Georgi Gerganov,ä¿åŠ åˆ©äºš,,15249,75
josevalim,JosÃ© Valim,æ³¢å…°,,15213,64
isaacs,isaacs,ç¾å›½,,15169,507
astaxie,astaxie,ä¸­å›½,,14997,81
rauchg,Guillermo Rauch,ç¾å›½,,14939,181
wesm,Wes McKinney,ç¾å›½,,14758,147
RubyLouvre,å¸å¾’æ­£ç¾,ä¸­å›½,,14737,131
Kwynto,Constantine Zavezeon,ä¿„ç½—æ–¯,,14708,19
ageron,AurÃ©lien Geron,æ–°è¥¿å…°,,14706,86
gopinav,Vishwas,å°åº¦,,14683,70
PremChapagain,Prem Chapagain,å°¼æ³Šå°”,,14636,1
CyC2018,,ä¸­å›½,,14577,7
feross,Feross Aboukhadijeh,åŠ æ‹¿å¤§,,14405,221
sorrycc,chencheng (äº‘è°¦),ä¸­å›½,,14390,253
in28minutes,,å°åº¦,,14373,104
goodfeli,Ian Goodfellow,ç¾å›½,,14310,24
ahejlsberg,Anders Hejlsberg,ç¾å›½,,14302,7
mitchellh,Mitchell Hashimoto,åŠ æ‹¿å¤§,,14236,128
acdlite,Andrew Clark,ç¾å›½,,14235,87
florinpop17,Florin Pop,ç½—é©¬å°¼äºš,,14233,101
DIYgod,DIYgod,æ–°åŠ å¡,,14200,95
schacon,Scott Chacon,å¾·å›½,,13757,241
unclebob,Robert C. Martin,ç¾å›½,,13729,76
bailicangdu,cangdu,ä¸­å›½,,13694,23
cassidoo,Cassidy Williams,ç¾å›½,,13385,188
ForrestKnight,Forrest Knight,ç¾å›½ï¼ˆå¼—å‰å°¼äºšå·ï¼‰,,13291,31
fengdu78,Huang Haiguang,ä¸­å›½,,13256,17
jashkenas,Jeremy Ashkenas,ç¾å›½,,13244,26
fabpot,Fabien Potencier,æ³•å›½,,13244,90
brianyu28,Brian Yu,æ‘©æ´›å“¥,,13204,47
Klerith,Fernando Herrera,å“¥æ–¯è¾¾é»åŠ ,,13203,525
breakwa11,ç ´å¨ƒé…±,ä¸­å›½,,13201,8
jessfraz,Jess Frazelle,è¿™ä¸æ˜¯ä¸€ä¸ªå›½å®¶,,13196,196
anuraghazra,Anurag Hazra,å°åº¦,,13130,139
PanJiaChen,èŠ±è£¤è¡©,ä¸­å›½,,13081,73
draveness,Draven,ä¸­å›½,,13012,90
hongyangAndroid,å¼ é¸¿æ´‹,ä¸­å›½,,12988,102
eust-w,longtao,åœ°çƒ,,12886,112
davidfowl,David Fowler,æ¾³å¤§åˆ©äºš,,12808,312
OracleBrain,Aashis Jha,å°¼æ³Šå°”,,12806,37
mosh-hamedani,Mosh Hamedani,æ¾³å¤§åˆ©äºš,,12786,31
angusshire,Angus H.,åŠ æ‹¿å¤§,,12748,19
abuanwar072,Abu Anwar,å­ŸåŠ æ‹‰å›½,,12735,79
leerob,Lee Robinson,ç¾å›½,,12689,89
CoreyMSchafer,Corey Schafer,ç¾å›½,,12660,5
haoel,Hao Chen,ä¸­å›½,,12629,29
developit,Jason Miller,åŠ æ‹¿å¤§,,12594,404
BYVoid,Carbo Kuo,ç¾å›½,,12585,48
evanw,Evan Wallace,ç¾å›½,,12526,129
miguelgrinberg,Miguel Grinberg,çˆ±å°”å…°,,12493,203
btholt,Brian Holt,ç¾å›½,,12488,167
mattn,mattn,æ—¥æœ¬,,12445,2096
hakimel,Hakim El Hattab,ç‘å…¸,,12433,32
matheusbattisti,Matheus Battisti - Hora de Codar,å·´è¥¿,,12334,150
egoist,EGOIST,ä¸­å›½,,12315,847
soumith,Soumith Chintala,ç¾å›½,,12200,212
rakyll,Jaana Dogan,åŠ æ‹¿å¤§,,12189,232
Charles-Chrismann,Charles Chrismann,æ³•å›½,,12146,53
bradfitz,Brad Fitzpatrick,ç¾å›½,,12109,166
tomnomnom,Tom Hudson,è‹±å›½,,12101,101
acenelio,Nelio Alves,å·´è¥¿,,12087,290
adamwathan,Adam Wathan,åŠ æ‹¿å¤§,,11897,187
YunaiV,èŠ‹é“æºç ,ä¸­å›½,,11718,86
nicknochnack,Nicholas Renotte,æ¾³å¤§åˆ©äºš,,11706,194
jonhoo,Jon Gjengset,æŒªå¨,,11696,266
agentzh,Yichun Zhang,ç¾å›½,,11673,91
tannerlinsley,Tanner Linsley,ç¾å›½ï¼ˆçŠ¹ä»–å·ï¼‰,,11662,159
philipplackner,Philipp Lackner,å¾·å›½,,11519,304
bedimcode,Marlon,ç§˜é²,,11451,140
dsacademybr,Data Science Academy,å·´è¥¿,,11331,4
iampawan,Pawan Kumar,å°åº¦,,11329,248
skydoves,Jaewoong Eum,éŸ©å›½,,11321,101
shanselman,Scott Hanselman,ç¾å›½,,11315,240
mqyqingfeng,å†´ç¾½,ä¸­å›½,,11310,33
fouber,å¼ äº‘é¾™,ä¸­å›½,,11272,182
yangshun,Yangshun Tay,æ–°åŠ å¡,,11244,138
TheCherno,Yan Chernikov,æ¾³å¤§åˆ©äºš,,11240,41
muan,Mu-An Chiou,ä¸­å›½,,11232,180
bvaughn,Brian Vaughn,ç¾å›½,,11179,183
samyk,samy kamkar,ç¾å›½,,11020,185
necolas,Nicolas Gallagher,åŠ æ‹¿å¤§,,11015,82
QianMo,æµ…å¢¨ï¼ˆæ¯›æ˜Ÿäº‘ï¼‰,ä¸­å›½,,11012,37
zenorocha,Zeno Rocha,ç¾å›½,,10974,188
bot50,CS50 Bot,ç¾å›½,,10958,31
jrohitofficial,Rohit Jha,å°¼æ³Šå°”,,10955,58
chriscoyier,Chris Coyier,ç¾å›½,,10853,78
craftzdog,Takuya Matsuyama,æ—¥æœ¬,,10823,165
htr-tech,Tahmid Rayat,å­ŸåŠ æ‹‰å›½,,10769,35
amueller,Andreas Mueller,ç¾å›½,,10731,217
gitdagray,Dave Gray,ç¾å›½,,10651,176
engindemirog,Engin Demirog,åœŸè€³å…¶,,10628,56
chenshuo,Shuo Chen,ç¾å›½,,10623,56
mnielsen,Michael Nielsen,ç¾å›½,,10616,37
Elfocrash,Nick Chapsas,è‹±å›½,,10602,51
miloyip,Milo Yip,ä¸­å›½,,10589,32
romannurik,Roman Nurik,ç¾å›½,,10554,65
eugenp,Eugen,ç½—é©¬å°¼äºš,,10549,14
t3dotgg,Theo Browne,åŠ æ‹¿å¤§,,10527,125
sofish,å°é±¼,ä¸­å›½,,10485,42
professorguanabara,Gustavo Guanabara,å·´è¥¿,,10458,6
Snailclimb,Guide,ä¸­å›½,,10440,24
akitaonrails,Fabio Akita,å·´è¥¿,,10421,131
nzakas,Nicholas C. Zakas,åŠ æ‹¿å¤§,,10414,78
ghost,Deleted user,è¿™ä¸æ˜¯ä¸€ä¸ªå›½å®¶,,10380,8
ChrisTitusTech,Chris Titus,ç¾å›½,,10300,58
lattner,Chris Lattner,ç¾å›½,,10288,17
aneagoie,Andrei Neagoie,åŠ æ‹¿å¤§,,10281,157
jhaddix,Jason Haddix,ç¾å›½,,10246,72
danielmiessler,Daniel Miessler,ç¾å›½ï¼ˆæ—§é‡‘å±±æ¹¾åŒºï¼‰,,10239,73
BurntSushi,Andrew Gallant,æ‘©æ´›å“¥,,10230,190
wycats,Yehuda Katz,ç¾å›½,,10228,397
benbalter,Ben Balter,ç¾å›½ï¼ˆåç››é¡¿ç‰¹åŒºï¼‰,,10228,258
rsc,Russ Cox,æ‘©æ´›å“¥,,10120,157
ErickWendel,Erick Wendel,å·´è¥¿,,10120,317
romainguy,Romain Guy,ç¾å›½,,10095,21
george0st,jist,æ·å…‹,,10079,24
sophiebits,Sophie Alpert,åŠ æ‹¿å¤§,,10057,185
alex,Alex Gaynor,ç¾å›½,,9960,497
Sentdex,Harrison,ç¾å›½,,9932,47
munificent,Bob Nystrom,æ¾³å¤§åˆ©äºš,,9931,53
easychen,Easy,ä¸­å›½,,9907,225
shiftkey,Brendan Forster,åŠ æ‹¿å¤§,,9898,199
mgechev,Minko Gechev,ç¾å›½,,9888,404
matz,"Yukihiro ""Matz"" Matsumoto",æ—¥æœ¬,,9833,15
AllenDowney,Allen Downey,ç¾å›½,,9814,369
CoderMJLee,Mäº†ä¸ªJ,ä¸­å›½,,9805,16
mustafacagri,Mustafa Ã‡aÄŸrÄ± GÃ¼ven,åœŸè€³å…¶,,9790,41
mcollina,Matteo Collina,æ„å¤§åˆ©,,9756,737
topjohnwu,John Wu,ç¾å›½å’Œå°æ¹¾,,9744,55
toddmotto,Todd Motto,è‹±å›½,,9685,103
PatrickAlphaC,Patrick Collins,ç¾å›½ï¼ˆæ³¢å£«é¡¿ï¼‰,,9674,291
ustbhuangyi,HuangYi,ä¸­å›½,,9631,79
wizardforcel,å¸ƒå®¢é£é¾™,ä¸­å›½,,9612,772
noob-hackers,N17R0,å°åº¦,,9607,24
knadh,Kailash Nadh,å°åº¦,,9581,83
ryanflorence,Ryan Florence,ç¾å›½ï¼ˆçŠ¹ä»–å·ï¼‰,,9567,297
yihui,Yihui Xie,ç¾å›½ï¼ˆå†…å¸ƒæ‹‰æ–¯åŠ å·ï¼‰,,9473,141
dennybritz,Denny Britz,æ—¥æœ¬,,9471,68
jaredpalmer,Jared Palmer,ç¾å›½,,9459,216
tenderlove,Aaron Patterson,ç¾å›½,,9448,413
joshlong,Josh Long,åŠ æ‹¿å¤§,,9437,652
Jack-Cherish,Jack Cui,ä¸­å›½,,9426,18
frontend-joe,Joe,è‹±å›½,,9425,95
haileys,Hailey Somerville,æ¾³å¤§åˆ©äºš,,9391,392
colah,Christopher Olah,ç¾å›½,,9373,67
wasabeef,Daichi Furiya,æ—¥æœ¬,,9370,50
arthurspk,Arthur Coutinho,å·´è¥¿,,9300,161
wintercn,Shaofei Cheng,ä¸­å›½,,9287,54
norvig,Peter Norvig,ç¾å›½,,9284,6
ai,Andrey Sitnik,è¥¿ç­ç‰™,,9161,132
abhishekkrthakur,abhishek thakur,è¿™ä¸æ˜¯ä¸€ä¸ªå›½å®¶,,9153,94
simplesteph,Stephane Maarek,è‘¡è„ç‰™,,9149,73
sokra,Tobias Koppers,å¾·å›½,,9104,138
shahradelahi,Shahrad Elahi,åœ°çƒ,,9096,52
ChristianLempa,Christian Lempa,å¾·å›½,,9094,12
i5ting,ç‹¼å”,ä¸­å›½,,9081,951
dyc87112,ç¨‹åºçŒ¿DD,ä¸­å›½,,9079,62
521xueweihan,å‰Šå¾®å¯’,ä¸­å›½,,9006,150
teteusAraujo,Mateus AraÃºjo,å·´è¥¿,,8999,23
macrozheng,macro,ä¸­å›½,,8952,19
f,Fatih Kadir AkÄ±n,åœŸè€³å…¶,,8908,258
s0md3v,Somdev Sangwan,å°åº¦,,8906,55
CleverProgrammer,Rafeh Qazi,ç¾å›½,,8889,191
elidianaandrade,Eli,å·´è¥¿,,8863,9
NeuralNine,NeuralNine,å¥¥åœ°åˆ©,,8829,15
sebmarkbage,Sebastian MarkbÃ¥ge,ç¾å›½,,8822,83
carpedm20,Taehoon Kim,éŸ©å›½,,8817,210
alyssaxuu,Alyssa X,è‹±å›½,,8780,15
ityouknow,çº¯æ´çš„å¾®ç¬‘,ä¸­å›½,,8779,30
igrigorik,Ilya Grigorik,ç¾å›½,,8766,95
jamiebuilds,Jamie Kyle,è¿™ä¸æ˜¯ä¸€ä¸ªå›½å®¶ã€‚,,8746,715
MisterBooo,å´å¸ˆå…„å­¦ç®—æ³•,ä¸­å›½,,8745,88
ardalis,Steve Smith,ç¾å›½,,8712,294
samarjitsahoo,Samarjit Sahoo,å°åº¦,,8705,13
fat,fat,è¿™ä¸æ˜¯ä¸€ä¸ªå›½å®¶,,8703,68
lepture,Hsiaoming Yang,æ—¥æœ¬,,8701,185
felangel,Felix Angelov,ç¾å›½,,8683,147
audreyt,å”é³³,ä¸­å›½,,8677,390
rwieruch,Robin Wieruch,å¾·å›½,,8623,212
ChenYilong,ChenYilong,æ–°è¥¿å…°,,8564,37
Fndroid,Fndroid,ä¸­å›½,,8552,64
H-K-R,Humayra Khanom Rime,è¿™ä¸æ˜¯ä¸€ä¸ªå›½å®¶,,8498,56
OneLoneCoder,Javidx9,è¿™ä¸æ˜¯ä¸€ä¸ªå›½å®¶ã€‚ç»™å‡ºçš„é“¾æ¥æ˜¯ä¸€ä¸ªYouTubeé¢‘é“çš„ç½‘å€ï¼Œä¸åœ°åæˆ–å›½å®¶æ— å…³ã€‚,,8487,13
fatih,Fatih Arslan,åœŸè€³å…¶,,8476,65
lexfridman,Lex Fridman,æ‘©æ´›å“¥,,8462,3
nwaliaez,Neeraj Walia,å°åº¦,,8449,18
rexim,Alexey Kutepov,ä¿„ç½—æ–¯,,8416,99
lucasmontano,Lucas Montano,è·å…°,,8401,38
vjanz,Valon Januzaj,ç§‘ç´¢æ²ƒ,,8380,16
evilsocket,Simone Margaritelli,æ„å¤§åˆ©,,8378,176
alineai18,Aline Angela Ibers,å·´è¥¿,,8355,4
twostraws,Paul Hudson,è‹±å›½,,8328,72
eddiejaoude,Eddie Jaoude,è‹±å›½,,8328,115
pjhyett,PJ Hyett,ç¾å›½,,8308,8
liaohuqiu,Huqiu Liao,ä¸­å›½,,8308,125
AbdeenM,Abdeen Mohamed,å¡æµ¦è·¯æ–¯,,8290,8
justmarkham,Kevin Markham,ç¾å›½,,8251,44
chokcoco,Coco,ä¸­å›½,,8246,67
ahmetb,Ahmet Alp Balkan,æ¾³å¤§åˆ©äºš,,8215,225
koush,Koushik Dutta,æ¾³å¤§åˆ©äºš,,8212,367
daneden,Daniel Eden,è‹±å›½,,8169,106
fengmk2,fengmk2,ä¸­å›½,,8120,243
jamesmontemagno,James Montemagno,ç¾å›½,,8075,405
mercyblitz,Mercy Ma,ä¸­å›½,,8065,56
cusspvz,JosÃ© Moreira,è‘¡è„ç‰™,,8063,182
wcandillon,William Candillon,ç‘å£«,,8056,179
brendangregg,Brendan Gregg,æ¾³å¤§åˆ©äºš,,8024,46
dtolnay,David Tolnay,ç¾å›½,,8021,123
cyanharlow,Diana Smith,åŠ æ‹¿å¤§,,8019,16
AntonioErdeljac,Antonio Erdeljac,å…‹ç½—åœ°äºš,,7996,106
drakeet,Drakeet,ä¸­å›½,,7969,25
dataprofessor,Chanin Nantasenamat,æ³°å›½,,7967,256
rengwuxian,Kai Zhu,ä¸­å›½,,7959,65
amitshekhariitbhu,AMIT SHEKHAR,å°åº¦,,7953,104
jaywcjlove,å°å¼Ÿè°ƒè°ƒ,ä¸­å›½,,7928,209
vinta,Vinta Chen,ä¸­å›½,,7909,23
springframeworkguru,John Thompson,ç¾å›½,,7859,216
DeborahK,Deborah Kurata,åŠ æ‹¿å¤§,,7816,88
FiloSottile,Filippo Valsorda,æ„å¤§åˆ©,,7790,121
cami-la,Camila Cavalcante,å·´è¥¿,,7734,170
ryanb,Ryan Bates,ç¾å›½,,7717,80
kamilmysliwiec,Kamil Mysliwiec,æ³¢å…°,,7702,61
remy,Remy Sharp,è‹±å›½,,7700,361
Yangqing,Yangqing Jia,ç¾å›½,,7699,55
Germey,Germey,ç¾å›½,,7687,233
CarGuo,Shuyu Guo,ä¸­å›½,,7632,57
andrewrk,Andrew Kelley,ç¾å›½,,7603,269
felipefialho,Felipe Fialho,å·´è¥¿,,7595,41
liuyubobobo,Yubo Liu,ç¾å›½/ä¸­å›½,,7568,35
PKUFlyingPig,Yinmin Zhong,ä¸­å›½,,7424,87
aplus-developer,Aplus Developer,äº’è”ç½‘æ²¡æœ‰ç‰¹å®šçš„å›½å®¶ï¼Œå®ƒæ˜¯ä¸€ä¸ªå…¨çƒæ€§çš„ç½‘ç»œ,,7421,7
zcbenz,Cheng,æ—¥æœ¬,,7408,53
youngyangyang04,ç¨‹åºå‘˜Carl,ä¸­å›½,,7408,48
maxschwarzmueller,Maximilian SchwarzmÃ¼ller,å¾·å›½,,7408,12
nunomaduro,Nuno Maduro,è‘¡è„ç‰™,,7381,269
shradha-khapra,Shradha Khapra,å°åº¦,,7366,20
mxcl,Max Howell,ç¾å›½,,7365,64
singwhatiwanna,singwhatiwanna,ä¸­å›½,,7344,27
UberGuidoZ,UberGuidoZ,è¿™ä¸æ˜¯ä¸€ä¸ªå›½å®¶,,7342,86
davidbombal,David Bombal,è‹±å›½,,7340,18
sebastianbergmann,Sebastian Bergmann,å¾·å›½,,7322,81
jtleek,Jeff L.,æ¾³å¤§åˆ©äºš,,7303,173
satya-nutella,,è¿™ä¸æ˜¯ä¸€ä¸ªå›½å®¶,,7283,109
LaravelDaily,Laravel Daily,è‹±å›½,,7282,362
ip681,Ivo Petkov,ä¿åŠ åˆ©äºš,,7271,17
luizomf,Luiz OtÃ¡vio,å·´è¥¿,,7270,99
skyzh,Alex Chi Z.,ä¸­å›½,,7257,237
dabit3,Nader Dabit,ç¾å›½,,7257,458
willianjusten,Willian Justen ,è¿™ä¸æ˜¯ä¸€ä¸ªå›½å®¶ã€‚ è‹¥è¦æä¾›å‡†ç¡®çš„å›ç­”ï¼Œè¯·å‘ŠçŸ¥å…·ä½“åœ°åã€‚,,7254,118
JohnSundell,John Sundell,æ³¢å…°,,7247,68
rsms,Rasmus,ç¾å›½,,7224,182
nihui,,ä¸­å›½,,7193,185
Shehab-Hegab,Shehab-Hegab ,åŸƒåŠ,,7192,129
tangqiaoboy,Tang Qiao,ä¸­å›½,,7177,44
Huxpro,Xuan Huang (é»„ç„),è¿™ä¸æ˜¯ä¸€ä¸ªå›½å®¶,,7125,89
ljharb,Jordan Harband,åŠ æ‹¿å¤§,,7117,496
overtrue,å®‰æ­£è¶…,ä¸­å›½,,7111,110
ashishpatel26,Ashish Patel,å°åº¦,,7104,1943
Jinjiang,Jinjiang,æ–°åŠ å¡,,7096,82
mjackson,Michael Jackson,ç¾å›½,,7089,205
afc163,afc163,ä¸­å›½,,7064,277
rougier,Nicolas P. Rougier,æ³•å›½,,7021,318
jskeet,Jon Skeet,è‹±å›½,,7015,103
V1nni00,Vinay Kumar,å°åº¦,,7001,0
crnacura,Manoela Ilic,è‘¡è„ç‰™,,6981,109
dalindev,Dalin Huang,åŠ æ‹¿å¤§,,6979,37
oldratlee,æé¼,ä¸­å›½,,6976,63
Rafaelmdcarneiro,Rafael Carneiro,å·´è¥¿,,6958,257
mattdesl,Matt DesLauriers,è‹±å›½,,6950,652
dai-shi,Daishi Kato,æ—¥æœ¬,,6949,154
simonw,Simon Willison,åŠ æ‹¿å¤§,,6947,840
hehonghui,Mr.Simple,ä¸­å›½,,6944,291
mustafamuratcoskun,Mustafa Murat CoÅŸkun,åœŸè€³å…¶,,6928,34
omariosouto,Mario Souto,å·´è¥¿,,6926,369
tiann,weishu,ä¸­å›½,,6912,128
mxstbr,Max Stoiber,åŠ æ‹¿å¤§,,6898,327
JCSIVO,JCSIVO,è¥¿ç­ç‰™,,6897,29
jeffheaton,Jeff Heaton,ç¾å›½,,6894,61
phith0n,Owen Gong,æ–°åŠ å¡,,6875,89
vxunderground,,è¿™ä¸æ˜¯ä¸€ä¸ªå›½å®¶,,6867,4
byt3bl33d3r,Marcello,è¿™ä¸æ˜¯ä¸€ä¸ªå›½å®¶,,6823,86
xufei,xufei,ä¸­å›½,,6809,41
steveklabnik,Steve Klabnik,ç¾å›½,,6806,876
appleboy,Bo-Yi Wu,ä¸­å›½,,6803,593
amusi,Amusi,ä¸­å›½,,6779,255
GrahamCampbell,Graham Campbell,è‹±å›½,,6772,86
shuding,Shu Ding,å¾·å›½,,6764,176
junyanz,Jun-Yan Zhu,ç¾å›½,,6744,64
nat,Nat Friedman,ç¾å›½,,6741,20
jasineri,Nerijus Jasinskas,å¾·å›½,,6735,14
swyxio,swyx.io,ç¾å›½,,6720,722
android10,Fernando Cejas,å¾·å›½,,6715,82
jdah,jdh,ä¸¹éº¦,,6705,19
cornflourblue,Jason Watmore,æ¾³å¤§åˆ©äºš,,6701,188
sharkdp,David Peter,å¾·å›½,,6684,117
Jarred-Sumner,Jarred Sumner,åŠ æ‹¿å¤§,,6680,259
bigtreetech,BIGTREETECH,ä¸­å›½,,6667,139
ethanflower1903,Ethan Flower-01100101 01110100 01101000 01100001 01101110,ç¾å›½,,6659,323
loveBabbar,love babbar,å°åº¦,,6653,14
cheshire137,Sarah Vessels,ç¾å›½,,6652,144
Nakshatra05,Nakshatra Goel,å°åº¦,,6645,30
lemire,Daniel Lemire,åŠ æ‹¿å¤§,,6624,364
machadop1407,Pedro Henrique Machado,åŠ æ‹¿å¤§,,6591,103
stebsnusch,Stephany Nusch,åŠ æ‹¿å¤§,,6576,19
graydon,Graydon Hoare,åŠ æ‹¿å¤§,,6576,595
notwaldorf,Monica Dinculescu,ç¾å›½,,6571,90
0vm,Ak,æ¾³å¤§åˆ©äºš,,6566,10
davecheney,Dave Cheney,æ¾³å¤§åˆ©äºš,,6557,178
skywind3000,Linwei,ä¸­å›½,,6554,152
rwightman,Ross Wightman,åŠ æ‹¿å¤§,,6551,78
barryvdh,Barry vd. Heuvel,è·å…°,,6547,314
rodrigobranas,Rodrigo Branas,å·´è¥¿,,6541,274
marijnh,Marijn Haverbeke,å¾·å›½,,6526,73
jojoldu,DongUk Lee,éŸ©å›½,,6514,227
ericelliott,Eric Elliott,è¿™ä¸æ˜¯ä¸€ä¸ªå›½å®¶,,6510,152
tekkub,Tekkub,è¿™ä¸æ˜¯ä¸€ä¸ªå›½å®¶ã€‚,,6491,22
emmabostian,Emma Bostian,ç‘å…¸,,6475,69
mxmnk,Jerzy,å¾·å›½,,6465,11
folke,Folke Lemaitre,æ¯”åˆ©æ—¶,,6455,126
rstacruz,Rico Sta. Cruz,æ¾³å¤§åˆ©äºš,,6435,601
rhiever,Randy Olson,æ¾³å¤§åˆ©äºš,,6406,90
TheLarkInn,Sean Larkin,æ¾³å¤§åˆ©äºš,,6404,283
learnwithsumit,Learn with Sumit,å­ŸåŠ æ‹‰å›½,,6398,45
holman,Zach Holman,ç¾å›½,,6382,68
joshwcomeau,Joshua Comeau,åŠ æ‹¿å¤§,,6378,234
iuricode,Iuri Silva,å·´è¥¿,,6376,9
swankjesse,Jesse Wilson,åŠ æ‹¿å¤§,,6365,40
bagder,Daniel Stenberg,ç‘å…¸,,6345,58
campusx-official,CampusX,å°åº¦,,6343,188
isyuricunha,Yuri,å·´è¥¿,,6340,67
jph00,Jeremy Howard,æ¾³å¤§åˆ©äºš,,6337,87
otaviossousa,Otavio Sousa,å·´è¥¿,,6305,26
TommyZihao,Tommy in Tongji,ä¸­å›½,,6298,129
coderwhy,,ä¸­å›½,,6294,33
ankane,Andrew Kane,åŠ æ‹¿å¤§,,6294,384
emilk,Emil Ernerfeldt,ç‘å…¸,,6268,77
ahmadawais,Ahmad Awais âŒ˜,ç¾å›½,,6242,777
nikic,Nikita Popov,å¾·å›½,,6236,132
nicklockwood,Nick Lockwood,è‹±å›½,,6233,97
seniorvuejsdeveloper,Senior Vue.js Developer,åœŸè€³å…¶,,6212,7
TooTallNate,Nathan Rajlich,åŠ æ‹¿å¤§,,6209,419
giswqs,Qiusheng Wu,ç¾å›½,,6191,317
prakhar1989,Prakhar Srivastav,åŠ æ‹¿å¤§,,6166,182
gaoxiang12,Xiang Gao,ä¸­å›½,,6155,51
mafintosh,Mathias Buus,ç‘å£«,,6105,1130
Fernanda-Kipper,Fernanda Kipper,å·´è¥¿,,6055,79
mstraughan86,Michael Straughan,ç¾å›½,,6054,28
jxnblk,Brent Jackson,ç¾å›½,,6024,289
petehunt,Pete Hunt,åŠ æ‹¿å¤§,,6017,206
orta,Orta Therox,è‹±å›½ / ç¾å›½ / çˆ±å°”å…° / å·´è¥¿,,6017,1036
staltz,AndrÃ© Staltz,èŠ¬å…°,,5967,439
richhickey,Rich Hickey,ç¾å›½,,5965,13
jbogard,Jimmy Bogard,ç¾å›½,,5945,141
Grafikart,Jonathan,æ³•å›½,,5943,71
rui314,Rui Ueyama,æ—¥æœ¬,,5942,45
vivekweb2013,vivekweb2013,å°åº¦,,5938,27
jasontaylordev,Jason Taylor,æ¾³å¤§åˆ©äºš,,5926,47
desandro,David DeSandro,ç¾å›½ï¼ˆå¼—å‰å°¼äºšå·ï¼‰,,5903,70
posva,Eduardo San Martin Morote,æ³•å›½,,5903,359
sadikturan,SadÄ±k Turan,åœŸè€³å…¶,,5896,24
guolindev,Lin Guo,ä¸­å›½,,5876,17
hasherezade,hasherezade,æ³¢å…°,,5875,108
chenglou,Cheng Lou,ç¾å›½,,5867,208
jgthms,Jeremy Thomas,è‹±å›½,,5865,96
liuhuanyong,liuhuanyong,ä¸­å›½,,5863,73
fuzhengwei,å°å‚…å“¥,ä¸­å›½,,5860,196
hussien89aa,Hussein Alrubaye,ç¾å›½,,5822,65
qiwsir,è€é½,ä¸­å›½,,5810,310
ashishps1,Ashish Pratap Singh,è¿™ä¸æ˜¯ä¸€ä¸ªå›½å®¶,,5804,41
ZhangMYihua,Yihua Zhang,åŠ æ‹¿å¤§,,5802,148
stephencelis,Stephen Celis,ç¾å›½,,5782,154
mourner,Volodymyr Agafonkin,ä¹Œå…‹å…°,,5755,119
hackingthemarkets,Part Time Larry,åŠ æ‹¿å¤§,,5744,78
ornicar,Thibault Duplessis,æ³•å›½,,5739,453
williamfiset,William Fiset,ç¾å›½,,5712,20
markerikson,Mark Erikson,ç¾å›½,,5710,97
mpj,Mattias Petter Johansson,ç‘å…¸,,5710,147
anisul-Islam,Anisul Islam,èŠ¬å…°,,5704,160
poteto,lauren,ç¾å›½,,5700,96
planetoftheweb,Ray Villalobos,ç¾å›½ï¼ˆä½›ç½—é‡Œè¾¾å·ï¼‰,,5684,280
KeithGalli,Keith Galli,æ‘©æ´›å“¥,,5680,54
Magicianred,Simone Paolucci,æ„å¤§åˆ©,,5668,1728
PySimpleGUI,PySimpleGUI,ç¾å›½,,5642,17
bizz84,Andrea Bizzotto,è‹±å›½,,5636,127
yihong0618,yihong,ä¸­å›½,,5627,109
microsoftopensource,Microsoft Open Source,æ¾³å¤§åˆ©äºš,,5624,54
xuxueli,è®¸é›ªé‡Œ,ä¸­å›½,,5611,12
crossoverJie,crossoverJie,ä¸­å›½,,5603,138
JubayerRiyad,Jubayer Riyad,å­ŸåŠ æ‹‰å›½,,5594,11
jherr,Jack Herrington,ç¾å›½,,5592,406
moxie0,Moxie Marlinspike,ç¾å›½,,5586,22
Neo23x0,Florian Roth,å¾·å›½,,5560,147
mikepenz,Mike Penz,å¥¥åœ°åˆ©,,5557,101
hrydgard,Henrik RydgÃ¥rd,ç‘å…¸,,5551,64
MichalPaszkiewicz,Michal J A Paszkiewicz,è‹±å›½,,5531,72
KrauseFx,Felix Krause,å¥¥åœ°åˆ©,,5511,169
eliben,Eli Bendersky,ç¾å›½,,5511,78
avelino,Avelino,å·´è¥¿,,5508,237
fenixsoft,IcyFenix,ä¸­å›½,,5507,19
greenrobot,Markus Junginger,å¾·å›½,,5506,29
timneutkens,Tim Neutkens,è·å…°,,5503,278
yanhaijing,é¢œæµ·é•œ,ä¸­å›½,,5502,105
sobolevn,,å¾·å›½,,5487,617
fogleman,Michael Fogleman,ç¾å›½,,5477,144
himself65,Alex Yang,åŠ æ‹¿å¤§,,5476,353
falvojr,Venilton FalvoJr,å·´è¥¿,,5470,100
sebastianruder,Sebastian Ruder,å¾·å›½,,5466,45
nfultz,Neal Fultz,åŠ æ‹¿å¤§,,5465,219
CelaDaniel,Daniel Cela,é˜¿å°”å·´å°¼äºš,,5459,114
joschan21,Joscha Neske,å¾·å›½,,5437,40
afollestad,Aidan Follestad,ç¾å›½,,5426,34
LuNiZz,Can Deger,ä¸¹éº¦,,5416,34
jennybc,Jennifer (Jenny) Bryan,åŠ æ‹¿å¤§,,5415,287
tw93,Tw93,ä¸­å›½,,5408,30
Ebazhanov,Evgenii Bazhanov,å¾·å›½,,5408,128
domenic,Domenic Denicola,æ—¥æœ¬,,5405,311
mattpocock,Matt Pocock,è‹±å›½,,5404,213
jdalton,John-David Dalton,è¿™ä¸æ˜¯ä¸€ä¸ªå›½å®¶,,5398,31
BaseMax,Max Base,è¿™ä¸æ˜¯ä¸€ä¸ªå›½å®¶,,5388,742
antoniolg,Antonio Leiva,è¥¿ç­ç‰™,,5385,81
ept,Martin Kleppmann,è‹±å›½,,5377,114
jinzhu,Jinzhu,ä¸­å›½,,5375,111
U7P4L-IN,U7P4L x C0D3R,ç¾å›½,,5363,75
mahseema,Mahsima Dastan,ç¾å›½,,5361,15
eriklindernoren,Erik Linder-NorÃ©n,ç‘å…¸,,5346,28
lidangzzz,ç«‹å…š Lidang,ç¾å›½,,5333,37
hak5darren,Darren Kitchen,åŠ æ‹¿å¤§,,5320,6
vakila,Anjana Vakil,ç¾å›½ | å¾·å›½,,5298,57
mohammadhasanii,Mohammad,ä¼Šæœ—,,5290,35
KevinHock,,ç¾å›½,,5261,49
steven-tey,Steven Tey,ç¾å›½,,5254,105
ValentineFernandes,Valentine Fernandes,å°åº¦,,5253,66
MichelliBrito,Michelli Brito,å·´è¥¿,,5248,31
aymericdamien,Aymeric Damien,åŠ æ‹¿å¤§,,5238,12
alsotang,alsotang,ä¸­å›½,,5228,214
kenwheeler,Ken Wheeler,ç¾å›½,,5226,123
wx-chevalier,ç‹ä¸‹é‚€æœˆç†Š,ä¸­å›½,,5220,157
leebyron,Lee Byron,ç¾å›½,,5211,120
a8m,Ariel Mashraki,ä»¥è‰²åˆ—,,5207,120
hasinhayder,Hasin Hayder,å­ŸåŠ æ‹‰å›½,,5203,202
NARKOZ,Nihad Abbasov,ä¹Œå…‹å…°,,5200,95
HcySunYang,Chunyang Huo,ä¸­å›½,,5194,121
dabeaz,David Beazley,ç¾å›½,,5182,35
MariyaSha,Mariya,åŠ æ‹¿å¤§,,5169,65
Yidadaa,Yifei Zhang,ä¸­å›½,,5157,61
creationix,Tim Caswell,ç¾å›½,,5139,534
krahets,Yudong Jin,ä¸­å›½,,5136,11
driesvints,Dries Vints,æ¯”åˆ©æ—¶,,5135,25
huangzworks,å®å›¾ä¹¦ç¤¾ | é»„å¥å®,ä¸­å›½,,5120,48
w3cj,CJ,å“¥ä¼¦æ¯”äºš,,5117,170
guo-yu,Guo Yu,æ—¥æœ¬,,5110,210
julycoding,July,ä¸­å›½,,5109,7
calebporzio,Caleb Porzio,ç¾å›½,,5106,97
SkalskiP,Piotr Skalski,è¿™ä¸æ˜¯ä¸€ä¸ªå›½å®¶,,5104,131
LeonidasEsteban,Leonidas Esteban,å¢¨è¥¿å“¥,,5098,234
matklad,Alex Kladov,è‘¡è„ç‰™,,5097,527
freddier,Freddy Vega,åŠ æ‹¿å¤§,,5084,15
tonsky,Nikita Prokopov,å¾·å›½,,5082,124
themsaid,Mohamed Said,é˜¿è”é…‹,,5081,67
Akryum,Guillaume Chau,æ³•å›½,,5077,232
charliermarsh,Charlie Marsh,ç¾å›½,,5075,65
ebidel,Eric Bidelman,åŠ æ‹¿å¤§,,5062,91
csswizardry,Harry Roberts,è‹±å›½,,5059,56
CharlesCreativeContent,Shawn Charles,æ‘©æ´›å“¥,,5054,84
alanhamlett,Alan Hamlett,å¥¥åœ°åˆ©,,5054,119
riti2409,Riti Kumari,å°åº¦,,5043,69
rusty1s,Matthias Fey,å¾·å›½,,5041,70
rustdesk,RustDesk,æ–°åŠ å¡,,5023,40
roboticcam,Prof Richard Xu                 å¾äº¦è¾¾æ•™æˆ,ä¸­å›½,,5017,13
jindongwang,Jindong Wang,ä¸­å›½,,5016,68
una,Una Kravets,ç¾å›½,,5002,202
tylermcginnis,Tyler McGinnis,ç¾å›½ï¼ˆçŠ¹ä»–å·ï¼‰,,5002,160
acheong08,Antonio Cheong,è¿™ä¸æ˜¯ä¸€ä¸ªå›½å®¶,,4989,91
Rodrigo-Cn,Rodrigo Costa,å·´è¥¿,,4980,33
ashleygwilliams,ashley williams,ç¾å›½,,4979,425
aphyr,Kyle Kingsbury,ç¾å›½,,4975,125
DanWahlin,Dan Wahlin,ç¾å›½,,4959,147
Nutlope,Hassan El Mghari,ç¾å›½,,4958,77
kulikov-dev,,è‘¡è„ç‰™,,4957,27
huacnlee,Jason Lee,ä¸­å›½,,4955,194
rfyiamcool,fengyun.rui,ä¸­å›½,,4951,328
samuelcolvin,Samuel Colvin,è‹±å›½,,4951,283
Shougo,Shougo,æ—¥æœ¬,,4946,210
BretFisher,Bret Fisher,ç¾å›½,,4943,107
QuincyLarson,Quincy Larson,åœ°çƒ,,4940,72
s4vitar,,è¥¿ç­ç‰™,,4939,13
freekmurze,Freek Van der Herten,æ¯”åˆ©æ—¶,,4938,175
tshemsedinov,Timur Shemsedinov,ä¸­å›½,,4930,234
Anuj-Kumar-Sharma,Anuj Kumar Sharma,å°åº¦,,4927,39
mikeal,Mikeal Rogers,ç¾å›½,,4922,534
susanli2016,Susan Li,åŠ æ‹¿å¤§,,4921,34
teddysun,Teddysun,ä¸­å›½,,4909,8
kevinsawicki,Kevin Sawicki,æ¾³å¤§åˆ©äºš,,4907,224
wepe,wepon,ä¸­å›½,,4900,28
mmumshad,Mumshad Mannambeth,æ–°åŠ å¡,,4895,74
JeffreyZhao,Jeffrey Zhao,ç¾å›½,,4892,37
alexellis,Alex Ellis,è‹±å›½,,4892,494
zpao,Paul Oâ€™Shannessy,æ¾³å¤§åˆ©äºš,,4890,166
hellokaton,è¦‹ãˆã‚‹,ä¸­å›½,,4877,96
hardmaru,hardmaru,æ—¥æœ¬,,4871,81
Lissy93,Alicia Sykes,è‹±å›½,,4865,123
qpeckin,,å¾·å›½,,4862,4
AlexeyAB,Aleksei Bochkovskii,å¾·å›½,,4856,131
xopaz,FOLLOW4FOLLOW,ä¿„ç½—æ–¯,,4854,3
chai2010,chai2010,ä¸­å›½,,4852,294
timbl,Tim Berners-Lee,ç¾å›½,,4850,34
ming1016,æˆ´é“­,ä¸­å›½,,4849,21
luxplanjay,Alexander Repeta,ä¹Œå…‹å…°,,4844,113
antonbabenko,Anton Babenko,æŒªå¨,,4834,36
atian25,TZ | å¤©çŒª,ä¸­å›½,,4832,124
philipwalton,Philip Walton,åŠ æ‹¿å¤§,,4831,87
atinux,SÃ©bastien Chopin,æ³•å›½,,4821,362
gorhill,Raymond Hill,åŠ æ‹¿å¤§,,4817,26
yegor256,Yegor Bugayenko,ä¸­å›½,,4815,204
Dreamacro,Dreamacro,ä¸­å›½,,4814,25
RameshMF,Ramesh Fadatare,å°åº¦,,4813,249
geeeeeeeeek,Zhongyi Tong,ç¾å›½ï¼ˆæ—§é‡‘å±±æ¹¾åŒºï¼‰,,4810,58
anvaka,Andrei Kashcha,ç¾å›½,,4798,320
bahmutov,Gleb Bahmutov,æ‘©æ´›å“¥,,4796,1270
bevacqua,NicolÃ¡s Bevacqua,é˜¿æ ¹å»·,,4796,296
mislav,Mislav MarohniÄ‡,è·å…°,,4791,225
asweigart,Al Sweigart,ç¾å›½,,4790,254
dirambora,Diram,è‚¯å°¼äºš,,4789,33
JohannesMilke,Johannes Milke,å¾·å›½,,4785,682
andrewjmead,Andrew Mead,ç¾å›½,,4782,26
anthdm,Anthony De Meulemeester,æ¯”åˆ©æ—¶,,4773,111
Blankj,Blankj,ä¸­å›½,,4759,44
ogrisel,Olivier Grisel,æ³•å›½,,4745,236
sahat,Sahat Yalkabov,è¿™ä¸æ˜¯ä¸€ä¸ªå›½å®¶,,4741,185
hansonwang99,CodeSheep ç¨‹åºç¾Š,ä¸­å›½,,4736,51
NobleMajo,NobleMajo,å¾·å›½,,4719,20
lukeed,Luke Edwards,åŠ æ‹¿å¤§,,4718,363
robbyrussell,Robby Russell,ç¾å›½,,4717,71
jgilfelt,Jeff Gilfelt,è‹±å›½,,4712,34
joelgrus,Joel Grus,ç¾å›½,,4707,109
smallnest,smallnest,ä¸­å›½,,4703,230
rs,Olivier Poitrey,ç¾å›½,,4694,122
soffes,Sam Soffes,åŠ æ‹¿å¤§,,4693,182
migueldeicaza,Miguel de Icaza,ç¾å›½,,4692,220
felixrieseberg,Felix Rieseberg,ç¾å›½,,4687,269
numbbbbb,Jie Liang,åŠ æ‹¿å¤§,,4687,78
madeye,Max Lv,ä¸­å›½,,4685,46
Hendrixer,Scott Moss,ç¾å›½,,4679,182
changkun,Changkun Ou,å¾·å›½,,4667,140
Gizachew29,Gizachew,ç¾å›½,,4665,60
championswimmer,Arnav Gupta,å°åº¦,,4664,370
hax,HE Shi-Jun,ä¸­å›½,,4654,197
AlianeAmaral,Aliane E. Amaral,å·´è¥¿,,4653,26
minimaxir,Max Woolf,ç¾å›½,,4650,144
CamDavidsonPilon,Cameron Davidson-Pilon,åŠ æ‹¿å¤§,,4640,103
gakonst,Georgios Konstantopoulos,å¸Œè…Š,,4637,285
bbatsov,Bozhidar Batsov,ä¿åŠ åˆ©äºš,,4636,155
JedWatson,Jed Watson,æ¾³å¤§åˆ©äºš,,4625,128
azl397985856,lucifer,ä¸­å›½,,4620,148
DanielHe4rt,Daniel Reis,å·´è¥¿,,4614,210
lefticus,Jason Turner,å“¥ä¼¦æ¯”äºš,,4613,118
oschina,å¼€æºä¸­å›½,ä¸­å›½,,4612,25
barretlee,Barretæé–,ä¸­å›½,,4605,87
hakanyalcinkaya,Hakan Yalcinkaya,åœŸè€³å…¶,,4604,14
TheOfficialFloW,Andy Nguyen,ç‘å£«,,4601,47
EvanBacon,Evan Bacon,ç¾å›½,,4599,327
milsaware,milsaware,è‹±å›½,,4594,20
krzysztofzablocki,Krzysztof ZabÅ‚ocki,æ³¢å…°,,4591,50
acantril,Adrian Cantrill,æ¾³å¤§åˆ©äºš,,4589,20
JordanSchuetz,Jordan Schuetz,ç¾å›½,,4585,29
jesseduffield,Jesse Duffield,æ¾³å¤§åˆ©äºš,,4582,63
arpitbbhayani,Arpit Bhayani,å°åº¦,,4571,189
marcan,Hector Martin,æ—¥æœ¬,,4571,90
YunYouJun,äº‘æ¸¸å›,ä¸­å›½,,4569,228
insidegui,Guilherme Rambo,å·´è¥¿,,4568,222
pissang,Yi Shen,ä¸­å›½,,4567,113
Seldaek,Jordi Boggiano,ç‘å£«,,4564,273
Ignitetechnologies,Hacking Articles ,å°åº¦,,4562,25
somekindofwallflower,Wallflower,æ„å¤§åˆ©,,4560,46
Brooooooklyn,LongYinan,æ–°åŠ å¡,,4560,292
lenve,æ±Ÿå—ä¸€ç‚¹é›¨,ä¸­å›½,,4559,90
steipete,Peter Steinberger,å¥¥åœ°åˆ©,,4556,79
coryhouse,Cory House,ç¾å›½,,4554,239
kdn251,Kevin Naughton Jr.,ç¾å›½,,4548,23
thedaviddias,David Dias,åŠ æ‹¿å¤§,,4548,96
goldbergyoni,Yoni Goldberg,ä»¥è‰²åˆ—,,4543,35
WillKoehrsen,Will Koehrsen,ç¾å›½ï¼ˆåç››é¡¿ç‰¹åŒºï¼‰,,4541,94
zkat,Kat MarchÃ¡n,ç¾å›½,,4540,223
LondheShubham153,Shubham Londhe,å°åº¦,,4512,146
ValdikSS,ValdikSS,ä¿„ç½—æ–¯,,4504,52
sonnysangha,Sonny Sangha,è‹±å›½,,4502,39
